300000.0,(100.74635683866336+134.2066179063267j)
318562.5,(101.20424891475736+144.0453621852615j)
337125.0,(101.38587622930041+153.78726877070181j)
355687.5,(102.16089518014367+162.94952554512827j)
374250.0,(102.60768215470837+172.4992855237964j)
392812.5,(103.51783828835424+182.12580051021442j)
411375.0,(104.3639817364978+192.92282996929782j)
429937.5,(106.25309553111745+202.79061234791578j)
448500.0,(107.08243445326364+213.1531139294756j)
467062.5,(108.94652399011746+223.69751073708647j)
485625.0,(110.91386805276892+233.77330263423684j)
504187.5,(113.77247323715525+245.2651025954881j)
522750.0,(116.15312501155657+255.65457878204006j)
541312.5,(118.62910880866734+267.41475419489024j)
559875.0,(121.96040246298617+278.1449866987589j)
578437.5,(124.90424928856908+289.5065635101601j)
597000.0,(129.07139453142034+299.93047978384675j)
615562.5,(134.1032626569641+311.9201640540207j)
634125.0,(138.4196309542829+322.4901837232163j)
652687.5,(143.396473693386+334.31070226980466j)
671250.0,(148.21255073359956+344.7062185068088j)
689812.5,(154.62500685269217+356.2052058429412j)
708375.0,(160.64576549498736+367.35822941414114j)
726937.5,(166.8294400708438+378.3165190245592j)
745500.0,(172.56001316479222+389.43204095200616j)
764062.5,(180.06452212088527+399.66661370382565j)
782625.0,(188.0868094254414+410.1832020490541j)
801187.5,(196.33789708320433+420.9760673056179j)
819750.0,(203.45189574776865+432.0215343072857j)
838312.5,(211.59223946366+441.1502077136393j)
856875.0,(220.8568090395063+451.8759258605968j)
875437.5,(228.84152059685408+460.78221730676637j)
894000.0,(238.76984690335985+470.8615330969454j)
912562.5,(248.4441031223623+479.8925296206676j)
931125.0,(258.5559793701376+488.9138011624559j)
949687.5,(268.6477694178385+497.6463464979634j)
968250.0,(278.9935966098295+506.4855441166786j)
986812.5,(288.7907864356466+514.3571789941512j)
1005375.0,(300.4595405834103+523.5402179403961j)
1023937.5,(311.1569486503077+531.6379062750459j)
1042500.0,(322.9781790751202+538.8686998850022j)
1061062.5,(335.83598957883964+546.311164508594j)
1079625.0,(347.7314075969813+553.1997960386141j)
1098187.5,(359.0426765987566+560.1231685657469j)
1116750.0,(372.4573022899471+565.9706474976143j)
1135312.5,(385.380558274472+573.2637314449926j)
1153875.0,(398.6453616450731+578.5725313056054j)
1172437.5,(410.50590647823304+582.5830185294351j)
1191000.0,(424.98744633945364+588.8410311748403j)
1209562.5,(439.23010494941303+592.5394639986899j)
1228125.0,(451.9957579462705+597.4383538886708j)
1246687.5,(466.1298082474499+600.4718008190661j)
1265250.0,(480.70903186979547+605.3549392586249j)
1283812.5,(494.2334329747547+607.7086183611069j)
1302375.0,(509.10794675401735+609.6051034157387j)
1320937.5,(524.1904730999728+612.2878259071427j)
1339500.0,(538.9796303940008+614.1609735324649j)
1358062.5,(551.778651284046+615.2432870199054j)
1376625.0,(568.2363958696596+616.3285716694741j)
1395187.5,(582.1076596113994+616.9241846724835j)
1413750.0,(596.4038756635963+616.6887713256172j)
1432312.5,(611.4575398651759+613.292697532702j)
1450875.0,(625.757672681085+613.9320754396728j)
1469437.5,(637.7639360356916+612.9333700043117j)
1488000.0,(654.5676636491846+609.9919662827656j)
1506562.5,(669.0767404907405+608.0034189308869j)
1525125.0,(682.0203052393376+606.1491890922073j)
1543687.5,(696.7772773079746+600.5235577218152j)
1562250.0,(709.7072176136569+600.3876517118376j)
1580812.5,(721.4451008313628+594.779236635079j)
1599375.0,(736.4160672430772+590.2523765258959j)
1617937.5,(750.3878404433341+585.1629914367832j)
1636500.0,(763.2996925666572+580.3049557137532j)
1655062.5,(774.0460322159431+574.3787534095178j)
1673625.0,(789.9593445229654+566.9950641474604j)
1692187.5,(800.7739105148736+561.2973213200445j)
1710750.0,(813.5559979632667+555.054089763938j)
1729312.5,(823.0009208525851+548.4368286478631j)
1747875.0,(834.9942745236558+541.9077144218608j)
1766437.5,(847.8169752999092+534.3024702603328j)
1785000.0,(859.2530849271253+525.935858464521j)
1803562.5,(868.2243436758433+517.3577581851139j)
1822125.0,(879.5611069467941+508.98362259533866j)
1840687.5,(886.9512252997372+498.70335233089594j)
1859250.0,(897.5972355706219+491.2634360655312j)
1877812.5,(906.5530007038759+482.81025187257023j)
1896375.0,(914.8675511574397+473.19903964439413j)
1914937.5,(922.4823364887928+463.81032883794535j)
1933500.0,(931.9923150844753+454.640433083039j)
1952062.5,(938.9310366500133+444.30224841026904j)
1970625.0,(946.9983481799727+434.27134558897114j)
1989187.5,(953.9586924877657+425.360481497578j)
2007750.0,(960.6724661600167+416.244442984317j)
2026312.5,(966.0178174032757+405.2098755999235j)
2044875.0,(972.0296690465954+396.28459407607187j)
2063437.5,(978.0425415507594+387.25938014410036j)
2082000.0,(982.2202348451556+376.0839072369357j)
2100562.5,(987.7360684275864+365.5522420868513j)
2119125.0,(991.6029904790437+354.99674327027407j)
2137687.5,(995.8992860063074+345.8475482239312j)
2156250.0,(1000.6395309977477+334.08062852980663j)
2174812.5,(1003.7329795514787+325.46540733467j)
2193375.0,(1007.6180278164509+314.6141996843764j)
2211937.5,(1010.0811765442467+305.82145102983185j)
2230500.0,(1013.7073733550578+294.0026319635348j)
2249062.5,(1012.668757374274+286.2636313226849j)
2267625.0,(1018.7672675334937+276.560779802632j)
2286187.5,(1018.2322234126289+266.4311495286151j)
2304750.0,(1020.9974776178758+257.0769194369754j)
2323312.5,(1022.4414330310011+247.61862374150152j)
2341875.0,(1022.8926039409192+239.1091070861837j)
2360437.5,(1022.3613961973842+229.02146665634197j)
2379000.0,(1024.0319590289369+219.38153245033646j)
2397562.5,(1022.71674934296+211.95144561613307j)
2416125.0,(1023.9310188855252+201.9867807080124j)
2434687.5,(1023.5939221643497+193.47293273435628j)
2453250.0,(1024.182706364722+184.5532129049231j)
2471812.5,(1023.9186824216998+177.12140325490338j)
2490375.0,(1023.0320439772397+167.1250749884699j)
2508937.5,(1021.8454137651252+159.36621546907324j)
2527500.0,(1020.517871813518+152.15290753630796j)
2546062.5,(1019.8132439037003+144.6577749367471j)
2564625.0,(1019.0584816482798+135.07021319859902j)
2583187.5,(1016.1981444871448+129.36496273995874j)
2601750.0,(1015.5260242119455+121.01011159830432j)
2620312.5,(1014.8332543671124+112.48605045077205j)
2638875.0,(1010.7819706498334+106.79863604581485j)
2657437.5,(1008.3362379321421+100.75132970725188j)
2676000.0,(1008.6187040448202+93.40094837094252j)
2694562.5,(1004.6679723571455+86.42966632847433j)
2713125.0,(1004.2605284884407+79.2531932428749j)
2731687.5,(1000.5054919663527+73.56637052605643j)
2750250.0,(997.9072257306744+66.9237488173484j)
2768812.5,(995.0682491409065+61.77903114057383j)
2787375.0,(993.087260559197+55.473108154699815j)
2805937.5,(989.3635439813416+50.66308914789599j)
2824500.0,(988.3547350343756+44.70602088944353j)
2843062.5,(984.4906676853108+39.85841657791638j)
2861625.0,(983.3747596799346+33.26316088732412j)
2880187.5,(979.2242929912234+29.139089397281086j)
2898750.0,(975.972561265017+23.571531220774283j)
2917312.5,(974.240086091138+19.327626562546424j)
2935875.0,(970.5094302608325+14.573901602474805j)
2954437.5,(966.3852680553613+9.320331428347277j)
2973000.0,(963.1510845924776+4.690480337720493j)
2991562.5,(961.2656312640422+2.0006210244389173j)
3010125.0,(958.462872299558-4.7412222335285765j)
3028687.5,(954.7210508267013-8.114931814438041j)
3047250.0,(952.6100324621863-11.18845402631573j)
3065812.5,(947.0875563456352-13.388693117860857j)
3084375.0,(944.7952771407894-19.85166333037669j)
3102937.5,(941.8207569616773-21.464830135898932j)
3121500.0,(937.9551796433208-27.221550759684504j)
3140062.5,(933.9503702372258-28.631704922545524j)
3158625.0,(931.1769121908695-33.698088605674656j)
3177187.5,(927.9241900669941-35.87029344815607j)
3195750.0,(925.4809371238538-39.63723572586323j)
3214312.5,(921.2723535685044-41.10175221240332j)
3232875.0,(919.4662339351614-45.45505846344187j)
3251437.5,(914.8182020925615-46.6802936582047j)
3270000.0,(913.8315906467899-50.5545728294038j)
3288562.5,(909.2712498602624-52.31796574033446j)
3307125.0,(906.8046331988367-56.599916645106j)
3325687.5,(903.7939280940246-58.25971513720461j)
3344250.0,(898.8039874309251-59.26776431572788j)
3362812.5,(896.8263357557951-61.96396172913074j)
3381375.0,(894.2247841836971-64.22933894827099j)
3399937.5,(892.3445367654101-65.33258697355039j)
3418500.0,(887.7647465198604-68.94190103105875j)
3437062.5,(884.7541455560946-70.58674323992794j)
3455625.0,(882.4703765477935-72.08068114959653j)
3474187.5,(878.9696395846876-73.358408554573j)
3492750.0,(876.1856592565102-75.01764062682952j)
3511312.5,(873.1200852246392-76.86704331774799j)
3529875.0,(871.9015997937988-78.30536680779906j)
3548437.5,(867.0866895161503-79.02084546628373j)
3567000.0,(866.4800553789721-82.07928016065281j)
3585562.5,(862.7101613823098-82.15196748472566j)
3604125.0,(858.7808944223419-84.45932780579578j)
3622687.5,(857.8853138451278-85.76028533197635j)
3641250.0,(854.3732075755427-86.55696124260709j)
3659812.5,(851.577852456214-88.12547225590086j)
3678375.0,(848.9980219675432-89.10642267629379j)
3696937.5,(845.3714155744262-89.8861091487263j)
3715500.0,(843.8516182498754-91.89223923789278j)
3734062.5,(841.1224808963276-92.30062304711684j)
3752625.0,(838.8138586876931-92.7013696722104j)
3771187.5,(836.1852804711094-93.19938939614642j)
3789750.0,(834.4986730977148-94.6290177692806j)
3808312.5,(831.7861452495227-95.17464582275917j)
3826875.0,(829.5671372846333-97.1032784537507j)
3845437.5,(827.2806765076555-97.55644047107887j)
3864000.0,(824.3219528105927-97.68371593183223j)
3882562.5,(822.1799720931505-98.48322193802684j)
3901125.0,(819.8818850449869-98.44420695211846j)
3919687.5,(818.2388834012107-99.23861048344163j)
3938250.0,(816.7598996364968-100.91536501276073j)
3956812.5,(813.2169413564277-100.38590836219144j)
3975375.0,(810.8519149021951-101.25622612926747j)
3993937.5,(809.2937947430453-101.27465866077645j)
4012500.0,(808.093831468215-102.56685756065679j)
4031062.5,(805.9011043428527-102.21405598983812j)
4049625.0,(803.7364384039352-103.44616779599778j)
4068187.5,(800.8630842663823-103.12146860511272j)
4086750.0,(800.5224218605134-103.3310513379194j)
4105312.5,(798.6065718816307-104.13244362076303j)
4123875.0,(796.491391044686-104.40974442412373j)
4142437.5,(793.9928807857714-104.98918975201231j)
4161000.0,(792.7879611180883-105.70543745311083j)
4179562.5,(789.7958426985798-104.72570154083796j)
4198125.0,(789.3437261664618-105.36548269532899j)
4216687.5,(787.138172081402-106.08517556528972j)
4235250.0,(785.6747825436729-106.270660408282j)
4253812.5,(784.038623102511-106.31100141730181j)
4272375.0,(782.2932253594047-106.05662261265662j)
4290937.5,(780.2201405189461-106.95240117674706j)
4309500.0,(779.3538388150214-107.10118517631383j)
4328062.5,(777.5820781113016-105.8161480958957j)
4346625.0,(776.3605403091802-106.51403946288227j)
4365187.5,(773.868606437084-106.33464696788391j)
4383750.0,(773.7055466065497-107.59213073932885j)
4402312.5,(771.7243752616639-106.43513251972558j)
4420875.0,(769.8038446801962-107.63491658742427j)
4439437.5,(768.0994443489748-106.50986143835956j)
4458000.0,(767.6920737407834-108.2235285926339j)
4476562.5,(765.4408056469399-106.2928962668378j)
4495125.0,(764.0811400812389-107.73313470496352j)
4513687.5,(763.1326800218818-107.1626696195345j)
4532250.0,(762.6246620320462-107.86324840867405j)
4550812.5,(760.0406669280289-107.10979039975803j)
4569375.0,(759.8474522480427-107.97343110772928j)
4587937.5,(758.0570241923782-107.09389457068778j)
4606500.0,(757.5930338294614-108.5337236560781j)
4625062.5,(755.1289993845397-106.55162763277413j)
4643625.0,(754.344039086302-107.5538746664557j)
4662187.5,(752.6030855907518-107.3819561807323j)
4680750.0,(752.0034168177725-107.67776321335973j)
4699312.5,(750.8708267809063-106.68555887984479j)
4717875.0,(749.9896688146277-107.53760508459547j)
4736437.5,(748.9772515825647-107.57123694526953j)
4755000.0,(747.7941397181312-107.94630414394784j)
4773562.5,(746.9998775144513-106.73276049305909j)
4792125.0,(745.7383034535922-106.79922005824378j)
4810687.5,(745.0081937750347-107.13142014014736j)
4829250.0,(743.0889622448882-107.46892874843651j)
4847812.5,(742.2323904627987-106.89951308439767j)
4866375.0,(742.2454083983099-106.9347134742305j)
4884937.5,(740.3278358824577-106.28470525518024j)
4903500.0,(739.3676590722158-106.43212771345637j)
4922062.5,(739.0769835499887-107.1509155615908j)
4940625.0,(738.4672474918664-107.26596183983264j)
4959187.5,(737.0989052381012-106.82865872469769j)
4977750.0,(736.1971070791133-106.79993942627812j)
4996312.5,(734.672959686877-106.51886182347324j)
5014875.0,(734.4635406048403-106.76377491903854j)
5033437.5,(734.0856333228197-106.78085809660666j)
5052000.0,(732.3401969378149-106.7249704779334j)
5070562.5,(730.6586885720217-106.4876301100803j)
5089125.0,(731.6631857912712-106.81083376688807j)
5107687.5,(730.2328868509946-106.33715148647083j)
5126250.0,(729.4810475984111-105.90322715635675j)
5144812.5,(728.1762793918059-105.8800351231486j)
5163375.0,(727.8421687472902-106.92763202134907j)
5181937.5,(726.7585477505444-105.54423565858053j)
5200500.0,(726.5429672379366-107.03420936237885j)
5219062.5,(725.6379918698412-106.61023813022486j)
5237625.0,(725.175767766151-106.33083773284139j)
5256187.5,(723.9589959145301-105.60691171341645j)
5274750.0,(722.706081768082-105.47698233936157j)
5293312.5,(722.6175578493335-104.9768707843998j)
5311875.0,(721.1174384786148-106.54884369069522j)
5330437.5,(721.2805215425626-106.25810054811942j)
5349000.0,(720.8109473077458-105.80505278979705j)
5367562.5,(718.821281482517-105.11957474954865j)
5386125.0,(719.6634666332407-106.29806925420884j)
5404687.5,(718.7179229097475-106.11923635146056j)
5423250.0,(718.2544457081216-106.23610235479732j)
5441812.5,(717.4326456806666-105.22158826696939j)
5460375.0,(717.040820902685-105.6564890969292j)
5478937.5,(715.3570820658972-104.58020665942124j)
5497500.0,(715.5003378810787-106.34752883169618j)
5516062.5,(714.615674983223-104.70554505970709j)
5534625.0,(713.2273521560238-105.86175354023743j)
5553187.5,(712.8770015768841-104.80124166210837j)
5571750.0,(712.3423327530761-105.74221346923518j)
5590312.5,(712.6499086432748-105.72110922259866j)
5608875.0,(712.5579101871124-105.56693139064225j)
5627437.5,(711.4423418461777-105.31297099554658j)
5646000.0,(711.1063759566567-105.45747846155767j)
5664562.5,(709.5722646120007-105.12880785198631j)
5683125.0,(710.0568014264238-105.28188222204224j)
5701687.5,(709.1477296917188-104.0969165281231j)
5720250.0,(709.0559721936423-105.68035926105554j)
5738812.5,(707.6668554218904-104.57367586985605j)
5757375.0,(707.3091644376437-105.71635573294543j)
5775937.5,(706.6082319960935-105.2014864641954j)
5794500.0,(705.5080356327625-105.73511407637113j)
5813062.5,(705.1628654385105-104.87113751616144j)
5831625.0,(706.2014887035865-105.52713630152716j)
5850187.5,(704.9175987332623-104.93178966515347j)
5868750.0,(704.8114385656595-105.11085849051273j)
5887312.5,(703.6589599511124-104.9592838951016j)
5905875.0,(703.7471344202746-105.29153062634178j)
5924437.5,(702.6164668410385-105.69505582502676j)
5943000.0,(701.5009102732794-105.61012359458135j)
5961562.5,(701.4373663475143-104.80898809802859j)
5980125.0,(700.4362306781416-105.57292004028872j)
5998687.5,(700.0262985779402-104.83710466657445j)
6017250.0,(700.2407399767249-105.70216355762173j)
6035812.5,(699.3072311371349-104.72776741438328j)
6054375.0,(699.8795915337496-105.75545029810209j)
6072937.5,(699.3777352503226-105.79892435922031j)
6091500.0,(698.3227566484635-106.1928784611592j)
6110062.5,(696.8632007198064-105.57630312251663j)
6128625.0,(697.7656193979384-105.38903348154746j)
6147187.5,(697.0759021213653-106.11120626866507j)
6165750.0,(696.8931587823405-106.35997006015575j)
6184312.5,(695.7619883059864-106.47920667947348j)
6202875.0,(695.5792662595068-106.68598128237377j)
6221437.5,(695.3001976399712-105.92083984259953j)
6240000.0,(694.7284649448382-105.70241964856413j)
6258562.5,(694.6034037396566-105.89554745601704j)
6277125.0,(694.1628440892434-106.66154766101425j)
6295687.5,(692.9166278856069-105.77497882643725j)
6314250.0,(694.0079066522742-105.83908728876055j)
6332812.5,(692.3430771152442-106.03050778768971j)
6351375.0,(691.8916159988875-106.62298367149741j)
6369937.5,(691.3050209099998-106.24138095788825j)
6388500.0,(691.6104897651137-107.34661233209852j)
6407062.5,(691.2031021815382-106.3855891652524j)
6425625.0,(690.7211920320129-105.99452973338734j)
6444187.5,(689.9708444870363-106.54116912404741j)
6462750.0,(689.8106580054113-106.93800771885338j)
6481312.5,(688.9968694362055-106.06012154561247j)
6499875.0,(688.4967051182633-107.09797581002945j)
6518437.5,(687.7268097085135-107.32494041849857j)
6537000.0,(687.1388351102089-106.63705832139402j)
6555562.5,(687.6213202920687-106.64234431160281j)
6574125.0,(687.159756763766-107.08826282009879j)
6592687.5,(685.7197413760247-107.04743630864301j)
6611250.0,(685.6565250026872-107.49696142390412j)
6629812.5,(684.7531822429431-106.4754238545538j)
6648375.0,(685.4624546254281-107.61242859374256j)
6666937.5,(684.5557746492034-107.23287574895517j)
6685500.0,(683.8962125059911-107.4500157540016j)
6704062.5,(684.2828935614831-107.40158465611387j)
6722625.0,(683.0049032608488-107.68303690669248j)
6741187.5,(682.7978832513552-107.3727256703312j)
6759750.0,(683.1400002568478-107.81843208651307j)
6778312.5,(682.3103848271062-108.22853478732955j)
6796875.0,(681.389354086685-107.58236706223657j)
6815437.5,(681.3101622146611-108.49257691129243j)
6834000.0,(681.6008493457924-107.60852618394809j)
6852562.5,(680.5494152609906-107.92800071786729j)
6871125.0,(680.6034101306855-108.27768364357186j)
6889687.5,(679.2510687182039-108.22464763651436j)
6908250.0,(679.4155777424047-108.02604138521326j)
6926812.5,(678.822426817141-108.31208551823953j)
6945375.0,(678.3368212341535-108.03396351148035j)
6963937.5,(678.1780171829558-107.80219995112301j)
6982500.0,(677.4492948781665-109.00649474170697j)
7001062.5,(677.4207128356276-108.71105597009202j)
7019625.0,(676.9260748016761-108.84336984170082j)
7038187.5,(675.4345387078283-108.63902431217663j)
7056750.0,(676.059018543962-109.19134639188817j)
7075312.5,(675.9786213010395-108.6257863480957j)
7093875.0,(675.4125703659647-108.78911683903063j)
7112437.5,(674.6099400957994-109.14644510296878j)
7131000.0,(675.4539974513863-109.03879670035886j)
7149562.5,(674.1092832851878-108.81809919872491j)
7168125.0,(673.8651216237564-109.37227284857032j)
7186687.5,(673.5826521904991-108.9970990336519j)
7205250.0,(673.0416919770814-108.69674588479998j)
7223812.5,(672.4674069944463-109.15453652771198j)
7242375.0,(672.2822264949269-109.96400120861071j)
7260937.5,(671.9111986272244-109.3871490683217j)
7279500.0,(671.0931780368807-109.4263535282546j)
7298062.5,(671.0991544774868-109.34898884542584j)
7316625.0,(670.5667664841653-109.81063474657958j)
7335187.5,(669.4466419498965-109.25021726293865j)
7353750.0,(670.3144748757924-109.95472488852174j)
7372312.5,(669.607358076345-109.82296207589623j)
7390875.0,(669.071884935212-110.3161422845573j)
7409437.5,(668.3711586818098-109.92859088036873j)
7428000.0,(667.2868408802275-110.11694194722762j)
7446562.5,(668.0094986197702-110.13315410329362j)
7465125.0,(667.0700609843533-110.22093348713938j)
7483687.5,(666.9880357994572-109.96936108244907j)
7502250.0,(666.1900240300238-110.55793675410047j)
7520812.5,(665.8670843006304-110.88198147404046j)
7539375.0,(665.4474877970345-110.95948059305967j)
7557937.5,(665.1623602658664-110.57289826863074j)
7576500.0,(664.3343017161501-110.60188007235458j)
7595062.5,(664.5467573182608-110.64816802668493j)
7613625.0,(663.7484700066842-111.10228316619444j)
7632187.5,(663.501230873734-110.56341783578938j)
7650750.0,(663.5194980643716-110.6716929715711j)
7669312.5,(661.9615846707026-110.20273357378065j)
7687875.0,(662.5967896031144-110.69842778652333j)
7706437.5,(662.253175380445-110.74726271301587j)
7725000.0,(661.5521808508605-111.50637784540103j)
7743562.5,(661.3900014638365-111.73953420945378j)
7762125.0,(660.1651844322387-111.32138377998287j)
7780687.5,(660.8379361542152-111.06448045907351j)
7799250.0,(660.418743482317-111.6956673096685j)
7817812.5,(659.493420514836-111.82728183519457j)
7836375.0,(659.3146816226171-111.54487880658891j)
7854937.5,(658.4890860777007-111.7608241875122j)
7873500.0,(658.2226858488655-111.75890365274252j)
7892062.5,(657.8689044100126-112.00926146537287j)
7910625.0,(657.4683169426455-111.80998696038763j)
7929187.5,(657.4245779299409-111.45692098301947j)
7947750.0,(657.2921892526166-111.79507389917143j)
7966312.5,(656.5959348454315-111.50313248014722j)
7984875.0,(655.5338225844202-112.51008572655205j)
8003437.5,(655.4522152224257-111.72501966905514j)
8022000.0,(655.431994592207-112.22389479912235j)
8040562.5,(654.7235595859147-111.98113707705194j)
8059125.0,(654.9341239532541-112.27108760847149j)
8077687.5,(653.2179916650261-112.05651222723571j)
8096250.0,(653.9983247991092-112.82708414488346j)
8114812.5,(653.6481460262173-112.00853338541216j)
8133375.0,(653.6938779153404-112.80315602114335j)
8151937.5,(652.2507103467167-112.30586613455174j)
8170500.0,(652.3793967932774-112.28776015303552j)
8189062.5,(652.028779922958-112.14473030591576j)
8207625.0,(652.1008223147803-112.9905713077954j)
8226187.5,(651.3372269941589-112.0634707514944j)
8244750.0,(650.7457426308032-113.05525445075571j)
8263312.5,(650.510084647653-112.92008793295904j)
8281875.0,(649.621731704683-112.59720695157799j)
8300437.5,(648.5957942510113-112.49106698049445j)
8319000.0,(648.9339415498837-112.5927253430087j)
8337562.5,(648.1640999441051-112.16692368632553j)
8356125.0,(647.8563602776758-113.30147818807612j)
8374687.5,(648.0564119229455-112.30659861504869j)
8393250.0,(647.2209753170873-113.16039643314772j)
8411812.5,(647.1658329834215-112.65404857587924j)
8430375.0,(647.1327820473505-113.60328779724504j)
8448937.5,(645.8465502128724-112.72282843978803j)
8467500.0,(646.0207168527664-113.43094023194077j)
8486062.5,(646.3090116346858-112.84609667414675j)
8504625.0,(645.3904340296124-113.15160883908575j)
8523187.5,(644.5209653843883-112.55669982312814j)
8541750.0,(645.003959458415-113.56288302342492j)
8560312.5,(644.1212784946404-113.39157224387971j)
8578875.0,(643.1024546312518-111.96941573280372j)
8597437.5,(643.0757213589344-112.11624802411313j)
8616000.0,(643.465484701967-113.02358217668016j)
8634562.5,(642.1458830016014-112.94985521508566j)
8653125.0,(642.6563403129572-113.13980613089929j)
8671687.5,(641.583764310385-112.29240547801882j)
8690250.0,(641.530291879298-113.08825119990149j)
8708812.5,(640.6523473363764-113.14269333811703j)
8727375.0,(639.9787848787149-113.09522507255592j)
8745937.5,(639.5497804265017-112.66509966140049j)
8764500.0,(639.2295588676194-113.11549288752676j)
8783062.5,(639.7897727823461-112.77056805004864j)
8801625.0,(639.1435213880053-113.71685564168101j)
8820187.5,(638.5863670746751-112.65575030512703j)
8838750.0,(638.199247891342-113.43158013328281j)
8857312.5,(637.7535999560982-112.87010784976151j)
8875875.0,(637.3613481027048-113.22906036433916j)
8894437.5,(636.3204408039344-113.19989905198068j)
8913000.0,(636.8763922783047-113.28568982782402j)
8931562.5,(635.776542660648-113.63985261811993j)
8950125.0,(636.6164281412794-113.63031923965609j)
8968687.5,(635.014404046676-112.91414103954624j)
8987250.0,(635.0305518122036-113.2656630598156j)
9005812.5,(634.4568352794377-112.8746539892714j)
9024375.0,(633.0853781633093-112.88426789950348j)
9042937.5,(634.0660983635796-113.14496227666886j)
9061500.0,(633.5267541007811-112.66306177147143j)
9080062.5,(633.4301074688153-113.42859279211628j)
9098625.0,(632.369526828592-113.14285907163749j)
9117187.5,(632.3154783908233-112.64235651096298j)
9135750.0,(632.2808708993058-112.3374167239754j)
9154312.5,(631.2048332290427-113.27891924687182j)
9172875.0,(631.0453975911493-113.09608197043532j)
9191437.5,(630.9791936723727-113.01390556068931j)
9210000.0,(630.3756145398266-113.32476971499139j)
9228562.5,(630.6480132927741-112.40342400237944j)
9247125.0,(631.0317841825276-113.15534004695482j)
9265687.5,(629.4615165544512-112.34376005848104j)
9284250.0,(629.4939579593538-112.56958667952554j)
9302812.5,(629.7376366962552-112.20685250717369j)
9321375.0,(628.8717119344301-113.30217013731544j)
9339937.5,(627.7834115894583-112.37845053497145j)
9358500.0,(627.8390005175025-113.11265524270424j)
9377062.5,(627.522217982233-112.50720956538723j)
9395625.0,(626.9679447950449-113.2851941419863j)
9414187.5,(626.5764416273871-113.05042442890733j)
9432750.0,(626.6305933709367-112.94692169209605j)
9451312.5,(625.7176003229708-112.10513841172343j)
9469875.0,(625.7248392435978-112.74542721384066j)
9488437.5,(625.0071318149751-112.20940680467943j)
9507000.0,(624.7461438368075-113.17792036284084j)
9525562.5,(624.4188050808887-112.25887819592174j)
9544125.0,(624.3448068486308-112.89443934582566j)
9562687.5,(624.1896648371529-112.78223061829019j)
9581250.0,(622.8792235309722-112.60609505251558j)
9599812.5,(623.1616557257883-112.23239368754932j)
9618375.0,(622.4340178518751-112.49567071223356j)
9636937.5,(622.8885070419843-112.03730132851524j)
9655500.0,(622.4194763734946-111.82426605641845j)
9674062.5,(622.1418759605776-111.37848607518397j)
9692625.0,(621.7170731641113-112.37433394810753j)
9711187.5,(620.7375702858795-111.53675742007938j)
9729750.0,(621.1492048799681-112.58249487217346j)
9748312.5,(620.0623236865487-112.02940936445948j)
9766875.0,(620.4401426071475-112.22083964634015j)
9785437.5,(619.5088056268944-111.8445338220431j)
9804000.0,(618.7506044780835-112.43160720552608j)
9822562.5,(618.1998949914837-111.47297876022606j)
9841125.0,(618.6729428712856-111.45196890709741j)
9859687.5,(618.1183359675636-110.98988462305063j)
9878250.0,(617.8887077684337-112.04484883643242j)
9896812.5,(616.7464737348452-111.0442206841999j)
9915375.0,(617.0364900193449-111.3674008663553j)
9933937.5,(617.1186742769045-110.92946645856797j)
9952500.0,(616.4095377515804-111.31313377906915j)
9971062.5,(615.8674411407594-111.35427785025148j)
9989625.0,(616.1842565135261-111.19557180382513j)
10008187.5,(615.251227999567-111.46013407065475j)
10026750.0,(615.0498905837659-111.12589967227665j)
10045312.5,(614.3184358050114-110.84602219225714j)
10063875.0,(614.3851104891723-110.93048571293036j)
10082437.5,(614.6755941687197-110.95048544199244j)
10101000.0,(613.7693935411495-111.58884185342312j)
10119562.5,(613.8082720783412-111.02648384241434j)
10138125.0,(613.2039617780766-110.45509302225092j)
10156687.5,(612.7555820978795-110.41467898994468j)
10175250.0,(612.8731056493715-110.78985504335547j)
10193812.5,(612.5925815871824-110.52174232490566j)
10212375.0,(611.473347237167-110.4913976530644j)
10230937.5,(611.100376735025-109.90879350161302j)
10249500.0,(611.4208912687056-110.18649806871701j)
10268062.5,(611.5681415431977-109.61971264908789j)
10286625.0,(610.7800854186937-111.23234396008206j)
10305187.5,(610.3576447867905-109.60061122465824j)
10323750.0,(609.9940594543397-110.57574426338074j)
10342312.5,(609.0511860933602-109.594653489527j)
10360875.0,(609.2818872663247-110.68822170947887j)
10379437.5,(609.0558517338574-109.60667570949707j)
10398000.0,(608.6402290870102-110.34738771441806j)
10416562.5,(608.4214328582017-109.35537405318533j)
10435125.0,(607.8057579890346-109.95464260610916j)
10453687.5,(607.7961328582337-109.76594341685079j)
10472250.0,(607.6089332871381-109.74696547519405j)
10490812.5,(607.0849951335464-109.43570842341029j)
10509375.0,(605.697625544608-109.48083914942158j)
10527937.5,(605.9886737677194-109.12098363002083j)
10546500.0,(605.7722981107843-109.33869118697288j)
10565062.5,(605.6926665714901-108.5517433491946j)
10583625.0,(605.0994036396617-109.91894729120672j)
10602187.5,(604.2890304226378-108.58493149681227j)
10620750.0,(604.0853361098589-108.9208255069182j)
10639312.5,(603.6032139718056-108.35884319766558j)
10657875.0,(603.9182066329271-108.72972630511211j)
10676437.5,(604.1827146504829-108.95261909417432j)
10695000.0,(603.8125368152982-108.74063206434774j)
10713562.5,(602.6962689532196-108.02441242150685j)
10732125.0,(602.2374884913775-108.74913288012081j)
10750687.5,(602.4254392030842-108.54790217679079j)
10769250.0,(601.9799782401301-108.4203076764082j)
10787812.5,(600.8405318127016-108.46007530643205j)
10806375.0,(601.4276951004505-108.1292630710489j)
10824937.5,(601.1354365412599-108.21526108954365j)
10843500.0,(601.3453182732145-107.98978981495448j)
10862062.5,(599.8130071878667-107.55372920845228j)
10880625.0,(600.5120404284156-108.00691152511784j)
10899187.5,(599.6923635036064-107.7185888841826j)
10917750.0,(599.6746451529559-107.39244310949341j)
10936312.5,(599.5082367753434-107.15327783103581j)
10954875.0,(599.3003744638168-107.70444374799898j)
10973437.5,(597.8853444207708-106.60487541389048j)
10992000.0,(597.7321661530275-107.62559326978979j)
11010562.5,(597.8712650363851-106.92479037956147j)
11029125.0,(597.9209669536059-107.51897469797949j)
11047687.5,(596.7033788384712-106.36863696412428j)
11066250.0,(597.1557169281391-107.46666452056975j)
11084812.5,(596.2976126923044-106.91451762650571j)
11103375.0,(596.9487357071641-106.92729543182924j)
11121937.5,(596.1258282332474-107.21022199602736j)
11140500.0,(596.1638894994763-106.58342989240226j)
11159062.5,(595.0746105003889-106.7834823336323j)
11177625.0,(595.520961966663-106.57468903343798j)
11196187.5,(594.770295157618-106.00076966701411j)
11214750.0,(594.8216115317244-106.65147035791054j)
11233312.5,(594.2197758960871-106.25146068071919j)
11251875.0,(594.0566570453184-106.50438078019009j)
11270437.5,(593.222569436555-105.12738962594598j)
11289000.0,(593.3189787028479-106.37796011694972j)
11307562.5,(593.2176575991383-105.21711569287704j)
11326125.0,(592.6700744242246-105.58869663800246j)
11344687.5,(592.713567253727-105.44466852665424j)
11363250.0,(592.5496153980786-105.43810244169951j)
11381812.5,(592.4769093165199-105.63263132814214j)
11400375.0,(591.7654858690902-105.9266497454289j)
11418937.5,(591.3629872941752-104.70447670463027j)
11437500.0,(591.317115782647-105.64848499102885j)
11456062.5,(589.8889143969427-104.94264196728778j)
11474625.0,(590.3047352835323-104.48384652247586j)
11493187.5,(590.1930458051338-104.65463924909285j)
11511750.0,(590.2372308638548-104.94301989637988j)
11530312.5,(589.4988569998719-104.21042663572238j)
11548875.0,(589.3507496269266-104.13336601207558j)
11567437.5,(588.9297922766896-104.09437423164474j)
11586000.0,(588.05617151781-104.42171469801451j)
11604562.5,(588.4498998536482-103.62844722837963j)
11623125.0,(588.2374216552977-104.2946466812864j)
11641687.5,(588.1542515735593-104.24486178617968j)
11660250.0,(587.7097835165129-103.92265017316247j)
11678812.5,(587.0186252720376-103.6686362084866j)
11697375.0,(587.2141142422877-104.10235130631708j)
11715937.5,(587.092550900064-103.57370243387675j)
11734500.0,(586.7079687182323-103.88186594033628j)
11753062.5,(586.8073520048615-102.947044552635j)
11771625.0,(585.5332378794794-103.2974372311179j)
11790187.5,(586.3973919659268-103.86402915269915j)
11808750.0,(585.4898257290045-102.47550462361266j)
11827312.5,(584.4568869264463-102.65567053154814j)
11845875.0,(584.7006383268965-103.4238100093925j)
11864437.5,(584.2479997811548-102.63665273930863j)
11883000.0,(584.2240496661631-101.745053974079j)
11901562.5,(583.8049591584642-102.03740382517401j)
11920125.0,(583.2277904725819-102.32027878110901j)
11938687.5,(583.6485470936325-102.56963856434457j)
11957250.0,(583.7667196409047-103.06363494070463j)
11975812.5,(583.4870326288185-101.93152321626255j)
11994375.0,(582.9191767914662-101.7774284001799j)
12012937.5,(582.2520700424323-101.08379619030858j)
12031500.0,(582.4560478858538-101.822608391399j)
12050062.5,(581.700580101286-101.36408876272503j)
12068625.0,(581.6483633141399-101.53164054780282j)
12087187.5,(580.2903338362781-101.22877959253348j)
12105750.0,(581.2893902927024-101.70045228760675j)
12124312.5,(580.4684787720217-101.24251617696046j)
12142875.0,(581.0973325630138-100.92690161027821j)
12161437.5,(580.2932085077705-100.7659265486299j)
12180000.0,(580.0730663748667-100.64518603761246j)
12198562.5,(579.7974709533613-100.26386914946345j)
12217125.0,(579.9153756387249-100.93487103638104j)
12235687.5,(579.0254193926418-100.30938914196273j)
12254250.0,(579.5197990513735-100.42027298527341j)
12272812.5,(578.6458631960479-100.00970586802319j)
12291375.0,(578.3834148670771-100.580243954805j)
12309937.5,(578.3239817594149-99.89353659483868j)
12328500.0,(577.3182999177872-99.79933548453094j)
12347062.5,(576.9521322798693-99.3862498748678j)
12365625.0,(577.0008866020469-99.65466742065313j)
12384187.5,(576.880730300187-98.628502404425j)
12402750.0,(576.4401286418462-99.13671610305633j)
12421312.5,(577.2091541696425-99.64135387817755j)
12439875.0,(576.6746194790095-99.10424639547547j)
12458437.5,(576.4196559387409-98.50385206793014j)
12477000.0,(575.8592781901081-99.25973611177652j)
12495562.5,(575.4107433790819-97.8590630966057j)
12514125.0,(575.297535886216-98.32631036351509j)
12532687.5,(575.1554712144193-98.16949999943365j)
12551250.0,(575.2033090096766-98.38158905182888j)
12569812.5,(574.3629119832373-98.04002079739573j)
12588375.0,(574.3183100981862-98.65148870359508j)
12606937.5,(574.0443583721246-98.09371571325751j)
12625500.0,(573.6178400572409-98.7011417075543j)
12644062.5,(573.6395589895019-97.75788455040019j)
12662625.0,(573.5849812829365-97.53423611416927j)
12681187.5,(571.9620983753019-97.09190368586174j)
12699750.0,(573.0189481265592-97.3971697403509j)
12718312.5,(572.4396914406543-96.48729951126245j)
12736875.0,(571.9466578830871-97.22126821499664j)
12755437.5,(571.4843524770531-97.11920907976459j)
12774000.0,(571.5495540427127-97.46389276685655j)
12792562.5,(571.2418319360099-96.87281869405884j)
12811125.0,(571.1342586171471-96.59244149314358j)
12829687.5,(570.6859815970992-95.99012569494447j)
12848250.0,(570.9664219893457-95.67648595571373j)
12866812.5,(570.457291106448-95.02882210655318j)
12885375.0,(570.1690683834255-95.954595338317j)
12903937.5,(570.3630770104292-95.935771579514j)
12922500.0,(570.1215961940696-96.0948071083497j)
12941062.5,(569.279834044521-96.01411293259288j)
12959625.0,(570.284326048488-95.9280514527419j)
12978187.5,(568.9895593476904-95.51742065239223j)
12996750.0,(569.1971486951984-95.12277532171346j)
13015312.5,(569.0455295988615-95.29008985493053j)
13033875.0,(568.1571641622511-94.96030127858161j)
13052437.5,(568.7545880340283-94.87019359222107j)
13071000.0,(567.8030766172737-94.6343015911061j)
13089562.5,(567.3539967173142-94.24368519954957j)
13108125.0,(567.3355611559399-94.67062105828653j)
13126687.5,(567.3056514633356-94.04624443491096j)
13145250.0,(566.8434694528346-94.0214469686736j)
13163812.5,(566.9472870145697-94.65614025732913j)
13182375.0,(566.4973081009717-94.11604667495222j)
13200937.5,(565.6143461918485-93.37621088496851j)
13219500.0,(565.8558907420937-93.59741625069063j)
13238062.5,(565.9340134113498-92.75585624671724j)
13256625.0,(565.5505017884066-93.76280490329161j)
13275187.5,(564.9809539374522-93.11379835848271j)
13293750.0,(565.3078656621553-93.5282963024669j)
13312312.5,(565.3169856246195-93.05029045875388j)
13330875.0,(564.7938759665037-93.33217399173324j)
13349437.5,(563.9314033945362-92.89356076928465j)
13368000.0,(563.6427029416824-92.63382601926075j)
13386562.5,(563.3485353643607-92.68674386812324j)
13405125.0,(563.4972022339356-92.4398123870218j)
13423687.5,(563.9810920781814-92.22900970252728j)
13442250.0,(563.976581402794-92.30929237081315j)
13460812.5,(562.66636262029-91.98008885027194j)
13479375.0,(562.7741980925476-91.87030917514369j)
13497937.5,(562.3885173812985-91.5456974540116j)
13516500.0,(561.9236138794461-91.85405640367144j)
13535062.5,(561.9244681539768-90.9948303640905j)
13553625.0,(562.1718434244211-92.17984199624482j)
13572187.5,(561.4619923263729-90.63684501205512j)
13590750.0,(561.7505945097688-91.6145483051899j)
13609312.5,(560.9557855287779-90.95778807859541j)
13627875.0,(560.699485314963-90.76575144581362j)
13646437.5,(560.453268740937-90.88869580433416j)
13665000.0,(560.0709470879947-91.36514576971001j)
13683562.5,(559.6412785786756-90.32588691830436j)
13702125.0,(559.9281021143329-89.81216434506976j)
13720687.5,(560.644053641627-90.284559638334j)
13739250.0,(559.2034018497117-90.25099887714653j)
13757812.5,(559.6185782243513-90.06133644272148j)
13776375.0,(558.8689436073658-89.34690219248496j)
13794937.5,(558.3498684924631-88.27513626290259j)
13813500.0,(558.9113286029701-89.60038597199625j)
13832062.5,(557.8965299614723-89.09949941975218j)
13850625.0,(558.0582136840331-89.00976739616496j)
13869187.5,(557.9781288791517-89.18152630988374j)
13887750.0,(557.8265500568946-89.09287214124915j)
13906312.5,(557.5654696052318-88.47478790800677j)
13924875.0,(557.2795943460465-88.58637287046392j)
13943437.5,(556.8309370980649-88.00775881323288j)
13962000.0,(556.4698169937582-88.59606124007266j)
13980562.5,(556.6117596561272-87.43115776240761j)
13999125.0,(557.0689790560126-88.29235864893087j)
14017687.5,(556.1964483527751-88.65919870364934j)
14036250.0,(555.9811016376369-88.08813080280405j)
14054812.5,(555.300888302171-88.32082658086242j)
14073375.0,(555.8606783935925-87.65075247943021j)
14091937.5,(555.5578656934756-86.69340495244191j)
14110500.0,(555.6481480257735-87.26157223976654j)
14129062.5,(555.162054879904-87.0904356765537j)
14147625.0,(555.2678578952443-87.19205427990262j)
14166187.5,(554.1424100128456-87.10024959779251j)
14184750.0,(554.5798634230852-86.79735569496712j)
14203312.5,(554.0760636762614-86.68729769962285j)
14221875.0,(554.0628752273018-86.71811295032927j)
14240437.5,(553.4432797759923-85.75261207554897j)
14259000.0,(553.3739965662451-85.6023399428677j)
14277562.5,(553.3672850904074-85.28792999068723j)
14296125.0,(553.064166305967-85.97830390603131j)
14314687.5,(552.6635496544744-86.14900090126709j)
14333250.0,(553.1425362053795-86.06196772231195j)
14351812.5,(552.3270536204103-85.8682900271503j)
14370375.0,(552.6340008595114-84.84701605578626j)
14388937.5,(551.3729981178416-84.8309861862884j)
14407500.0,(551.512510011842-85.51541075521176j)
14426062.5,(551.4259399213631-84.34830940510446j)
14444625.0,(551.4382269860026-84.08410453337669j)
14463187.5,(550.8143075193274-84.37934805552702j)
14481750.0,(551.1440960235236-84.63992295466399j)
14500312.5,(550.1333160728801-83.7483487513369j)
14518875.0,(551.0661118164079-83.59394348513362j)
14537437.5,(550.0771633025641-84.64109953978434j)
14556000.0,(550.0599007363802-83.4609639550565j)
14574562.5,(550.1783739249746-83.4164761199675j)
14593125.0,(549.7533880814159-83.75169008242435j)
14611687.5,(549.5779740980456-82.23327533474729j)
14630250.0,(549.8205252406827-83.39249554533193j)
14648812.5,(549.3206499988956-83.53039711075353j)
14667375.0,(549.2545283102312-83.12732465090382j)
14685937.5,(548.506272440307-82.9755664158194j)
14704500.0,(548.076111790233-83.1679070146851j)
14723062.5,(548.5790665566045-82.25999055255973j)
14741625.0,(548.7165757117224-81.75063678277365j)
14760187.5,(547.6833366275048-81.74158945876006j)
14778750.0,(548.0609966648401-81.4633772534602j)
14797312.5,(547.4911210818836-82.0494754583004j)
14815875.0,(547.3536109665303-82.00253533191517j)
14834437.5,(547.0476523313149-81.2592299233739j)
14853000.0,(546.239332765633-81.52234238642504j)
14871562.5,(546.5142758116501-80.79613269055142j)
14890125.0,(546.8723917634013-80.54634416007751j)
14908687.5,(545.9961576554435-80.43674612135456j)
14927250.0,(546.6986290353643-81.3081472476822j)
14945812.5,(546.2545519580483-80.39331668635734j)
14964375.0,(546.19000984067-80.48718001973272j)
14982937.5,(545.6134733780874-80.00497529687055j)
15001500.0,(545.8849932516716-80.61039761039726j)
15020062.5,(545.3778943110517-80.18036562573047j)
15038625.0,(544.6799384371226-80.01869855052j)
15057187.5,(545.5210623559021-79.47600850699102j)
15075750.0,(544.6235047688164-79.77355400317602j)
15094312.5,(544.3906906613961-79.74507842071517j)
15112875.0,(544.5267183082127-79.53858009043657j)
15131437.5,(543.6280365068142-79.41136086047865j)
15150000.0,(544.2307097435728-79.21718470359416j)
15168562.5,(544.1109884969613-78.38808461508977j)
15187125.0,(544.3111443381756-78.79587439475793j)
15205687.5,(543.8813901431242-78.21821481952168j)
15224250.0,(543.3035989337178-78.44593377389954j)
15242812.5,(542.976409198353-77.93422850103536j)
15261375.0,(542.8652373845198-78.41719045278762j)
15279937.5,(542.6130101686896-78.3411735567837j)
15298500.0,(542.6755838038549-78.05180292738414j)
15317062.5,(542.1090607423811-77.04682815783048j)
15335625.0,(541.4904960183161-76.83843043422799j)
15354187.5,(542.232530018923-76.92719205229771j)
15372750.0,(541.3721307995025-77.76890631950565j)
15391312.5,(541.2678993928334-76.8494566274766j)
15409875.0,(541.4510470237842-77.08555319165536j)
15428437.5,(540.9336351679159-76.79524748612575j)
15447000.0,(540.8905019323547-76.84828293304862j)
15465562.5,(541.0612568754874-76.51285296468943j)
15484125.0,(540.2299248975623-76.77487667561725j)
15502687.5,(540.2167741785414-75.91044769389552j)
15521250.0,(540.3924024156365-76.4919034051981j)
15539812.5,(540.2392097998904-75.68169084498294j)
15558375.0,(540.5244223282334-76.32116846992632j)
15576937.5,(540.174339651515-75.8670886777751j)
15595500.0,(539.4979615474065-75.25785962361647j)
15614062.5,(539.3757758613671-75.0520388282345j)
15632625.0,(538.7518979151016-74.41726362751525j)
15651187.5,(539.2802605193802-74.71436450609797j)
15669750.0,(538.8130408246489-74.72654457006799j)
15688312.5,(538.6128080935415-74.57514825133549j)
15706875.0,(538.5429786938212-74.23094121799859j)
15725437.5,(537.9115267978289-73.91062965427547j)
15744000.0,(538.053746645393-73.44567118141924j)
15762562.5,(537.8383505354976-73.82474641955291j)
15781125.0,(537.5033134158484-73.70872347506484j)
15799687.5,(536.9820031618578-73.28510009992571j)
15818250.0,(537.577885176249-73.47172544962223j)
15836812.5,(537.2370431070191-72.96173622527368j)
15855375.0,(537.1966196471568-73.27470481316517j)
15873937.5,(536.3598345030875-72.44724502357147j)
15892500.0,(536.8762200795245-73.02963263766462j)
15911062.5,(536.2378634104201-72.88740926802133j)
15929625.0,(537.1424428046461-72.93253494137805j)
15948187.5,(536.2390790577273-72.64381060948485j)
15966750.0,(536.1973824778893-72.9888688941952j)
15985312.5,(535.0105892117095-72.45831715245576j)
16003875.0,(535.5613184850672-71.9656716723952j)
16022437.5,(535.7078199443695-71.45816734832043j)
16041000.0,(535.2149889307415-71.81325321004034j)
16059562.5,(535.2494816033957-71.57488853427922j)
16078125.0,(534.2347585256285-71.5969015723947j)
16096687.5,(534.7587718300839-70.90117631190195j)
16115250.0,(534.6719916850955-70.75593498919221j)
16133812.5,(534.0859455918213-71.08176094784312j)
16152375.0,(534.4230432514947-70.34942056217423j)
16170937.5,(533.8450017867369-70.33606335723351j)
16189500.0,(533.8869473881283-70.21072236745513j)
16208062.5,(534.0534760683674-70.14142262707159j)
16226625.0,(534.0737060216162-70.6606788823886j)
16245187.5,(533.6798364344658-69.80615901419225j)
16263750.0,(533.2983711254446-69.95944317107752j)
16282312.5,(533.0986828951652-69.16065653116291j)
16300875.0,(532.6673699265408-69.5900370687278j)
16319437.5,(532.5731680102093-68.89031002362883j)
16338000.0,(532.8388061175066-69.40891683791251j)
16356562.5,(532.9057480682558-69.1730295988207j)
16375125.0,(532.9269193829145-68.7804588653122j)
16393687.5,(531.3273736155942-68.29765975644679j)
16412250.0,(532.2019189643805-68.6826683647973j)
16430812.5,(532.2836602508463-67.9755195622812j)
16449375.0,(531.6017063278169-68.59700651306305j)
16467937.5,(531.0890321157198-67.93023438198185j)
16486500.0,(531.4211885598783-68.02682476155002j)
16505062.5,(530.9610048699997-67.99003843550808j)
16523625.0,(530.5552695709926-68.02955375755222j)
16542187.5,(530.8111888721578-67.7061805972514j)
16560750.0,(530.3293118293096-67.20922003202084j)
16579312.5,(530.7090919426074-67.455019952041j)
16597875.0,(531.0409442265661-67.38968447136979j)
16616437.5,(529.9682948081091-66.99698807991949j)
16635000.0,(530.0086513957368-67.10645980181198j)
16653562.5,(530.2606590451085-66.93481090162398j)
16672125.0,(530.2074747993373-66.28543159447008j)
16690687.5,(529.402327442293-65.87679621164963j)
16709250.0,(529.3823606765527-66.4178062202263j)
16727812.5,(529.1216722900384-65.67751874419542j)
16746375.0,(529.2109646837503-65.22022832114413j)
16764937.5,(528.26059458323-65.86273245835152j)
16783500.0,(529.2119596923885-66.34237385467274j)
16802062.5,(528.660506676866-65.7858275297778j)
16820625.0,(528.5870229911226-65.32906018954066j)
16839187.5,(528.5076115257822-65.16126250717237j)
16857750.0,(528.4904860714543-64.78141507255496j)
16876312.5,(527.5069063378569-64.75590581028332j)
16894875.0,(528.4947582009968-64.54890181282244j)
16913437.5,(527.2590773109255-64.60344886801647j)
16932000.0,(527.396955023618-64.62941619728295j)
16950562.5,(527.5028457083482-63.718223576965784j)
16969125.0,(527.0470341315221-63.66626794283042j)
16987687.5,(526.8233752571311-63.595097879474544j)
17006250.0,(527.3191408258715-63.88894739506065j)
17024812.5,(527.0798068320763-63.76486881518525j)
17043375.0,(526.0194156035452-63.44854672562741j)
17061937.5,(525.8320106854219-63.369096858064204j)
17080500.0,(525.7897935572677-62.95987236051684j)
17099062.5,(525.43004038262-62.26846411669211j)
17117625.0,(526.3157741053811-62.917392704263214j)
17136187.5,(525.9783449430208-62.55062658357833j)
17154750.0,(525.302621099643-62.33267033661571j)
17173312.5,(525.2049447125851-62.522538344133295j)
17191875.0,(525.2867703369329-62.28559531303388j)
17210437.5,(524.8190638115756-61.39644901255065j)
17229000.0,(525.1582261463673-61.788595257357095j)
17247562.5,(524.9523886051745-61.44712641442768j)
17266125.0,(524.701438670673-61.61042346991198j)
17284687.5,(524.3605437642568-60.83793831325649j)
17303250.0,(524.294226440447-61.18378823308822j)
17321812.5,(524.040962598925-59.80388144506887j)
17340375.0,(524.0213642268785-60.889028188120825j)
17358937.5,(524.4720292940758-60.8261582489539j)
17377500.0,(524.128624529954-60.6104008374852j)
17396062.5,(523.3036440483248-60.45363838917943j)
17414625.0,(523.4526149793626-60.11600592999472j)
17433187.5,(524.1772080518679-59.92118161775885j)
17451750.0,(523.2283883450809-59.82165645751527j)
17470312.5,(522.3130885238254-59.49772062436133j)
17488875.0,(523.2287781433407-59.23543420300567j)
17507437.5,(522.5477341690774-59.72135485414433j)
17526000.0,(522.393253697706-59.371333420372075j)
17544562.5,(521.6309887406262-59.102554549117094j)
17563125.0,(522.6526716672234-59.004964606739996j)
17581687.5,(522.4706184885702-58.28375743407055j)
17600250.0,(522.0022096662074-59.14874292714306j)
17618812.5,(521.8379932891779-57.91158380156434j)
17637375.0,(521.2494650747647-58.778662433828956j)
17655937.5,(521.1264691691665-58.11952323298821j)
17674500.0,(521.1266136278091-57.62479152344174j)
17693062.5,(521.4295652098368-57.308642321782614j)
17711625.0,(521.6890054403427-58.01750539939928j)
17730187.5,(520.8747013938022-56.837602281094405j)
17748750.0,(520.8235890963823-57.36552383946531j)
17767312.5,(519.802180059178-56.986299122019844j)
17785875.0,(521.0718787422104-57.070443464202725j)
17804437.5,(520.0677951125767-56.97509417865718j)
17823000.0,(520.509711751015-56.72977757601015j)
17841562.5,(520.582827477086-56.971733907392455j)
17860125.0,(520.2227820721814-56.82347012409405j)
17878687.5,(520.4574532798694-56.57921376504635j)
17897250.0,(519.6429777296105-56.513960566970795j)
17915812.5,(519.3966244813864-55.901634136120045j)
17934375.0,(519.1979355315535-55.7291350296546j)
17952937.5,(519.151558145603-55.210950556056346j)
17971500.0,(519.5995411404839-55.189933215531184j)
17990062.5,(519.0267425584269-55.78353662441767j)
18008625.0,(518.6012270532857-55.421914428866295j)
18027187.5,(518.6863810702798-55.6105886497271j)
18045750.0,(518.6584530040227-55.33022158972422j)
18064312.5,(518.5572297308025-54.18682415594932j)
18082875.0,(518.4680167161122-54.79480859285546j)
18101437.5,(518.1474039882803-53.73638315802254j)
18120000.0,(518.1991748361315-54.413375391923495j)
18138562.5,(517.944200511141-53.60412728520546j)
18157125.0,(517.1282288367129-54.33727483781759j)
18175687.5,(517.0897393981768-54.17888582329873j)
18194250.0,(517.1008352778152-53.97715646955365j)
18212812.5,(517.168392036687-53.076672214214724j)
18231375.0,(516.9323654252639-52.84714280655032j)
18249937.5,(517.379792663996-51.81897894269484j)
18268500.0,(517.4416582798623-52.40040581039561j)
18287062.5,(516.528001431174-53.242031116408455j)
18305625.0,(516.711033753862-53.20358289312548j)
18324187.5,(515.9477248602892-52.320770374154456j)
18342750.0,(515.9486985389609-52.23439530569385j)
18361312.5,(516.4630582155759-51.81918635207852j)
18379875.0,(516.8189190903578-51.8535040892331j)
18398437.5,(515.2527869447127-51.72711929650364j)
18417000.0,(515.6379578040646-51.60910356123041j)
18435562.5,(515.7595756164525-51.1890598887522j)
18454125.0,(516.0225592965031-50.99571672737696j)
18472687.5,(514.6868665035869-50.822034375271485j)
18491250.0,(515.0454145302407-51.37163919440844j)
18509812.5,(515.6838376203983-50.46599392121843j)
18528375.0,(515.3232394352241-51.15087276257133j)
18546937.5,(514.9315835293257-50.11498800355182j)
18565500.0,(514.7651450736612-50.617779020836764j)
18584062.5,(514.9479407301511-49.973079031916924j)
18602625.0,(513.6403552559515-50.46042813034755j)
18621187.5,(514.6072562192072-49.938465161269654j)
18639750.0,(513.9468607316996-49.927485167667065j)
18658312.5,(514.1777985572512-49.47878434730818j)
18676875.0,(514.0486333061536-49.465581383255994j)
18695437.5,(513.5784159999063-49.60094915324527j)
18714000.0,(513.9025812185752-49.57546848232623j)
18732562.5,(513.7439954159987-48.0777790616011j)
18751125.0,(513.5839858240792-48.64093560060362j)
18769687.5,(513.64464517363-48.299160304953325j)
18788250.0,(513.2088814618742-48.44789622593063j)
18806812.5,(512.2528736510252-47.650465965701834j)
18825375.0,(513.0912394008584-47.65502082972546j)
18843937.5,(512.7761427525049-47.92397520196026j)
18862500.0,(513.0642433785915-48.729871136617334j)
18881062.5,(511.6787604120027-47.98147505867104j)
18899625.0,(512.4617726271886-47.62648142228366j)
18918187.5,(511.8424990395128-47.00324202134616j)
18936750.0,(512.8209891090406-47.58077330302624j)
18955312.5,(511.8150326314039-46.34859284656011j)
18973875.0,(512.5529545306892-47.47751088209629j)
18992437.5,(511.9528627515418-47.02418613986867j)
19011000.0,(511.6542071193761-46.51520616353072j)
19029562.5,(510.92454129513465-45.756212326544656j)
19048125.0,(511.75507829156965-46.392604910928895j)
19066687.5,(511.30978597583487-45.51646235139598j)
19085250.0,(510.8821080217811-45.778672365427376j)
19103812.5,(510.973290919933-45.28234768230583j)
19122375.0,(511.1236423314162-46.1126314831196j)
19140937.5,(510.47122937916606-44.56819511479313j)
19159500.0,(510.947287577163-45.265763181518736j)
19178062.5,(510.3617073348091-45.508814244478124j)
19196625.0,(510.8289475074922-44.47169229934814j)
19215187.5,(510.1705869315018-43.91714882484596j)
19233750.0,(510.5032164975392-44.67517178923763j)
19252312.5,(510.3284856477945-43.52895819203992j)
19270875.0,(510.1051682640033-44.97811585926729j)
19289437.5,(509.6012563513368-43.80815590195703j)
19308000.0,(509.37773015851025-44.56387872343144j)
19326562.5,(509.2022590144465-43.95107129156737j)
19345125.0,(509.2230585650755-42.98422384973991j)
19363687.5,(508.68143250040436-42.777767889316856j)
19382250.0,(508.8070091924018-43.411203549301135j)
19400812.5,(508.82847143345174-42.27240398084272j)
19419375.0,(509.3446780467328-43.093584866190405j)
19437937.5,(508.45483420873256-42.917178535754466j)
19456500.0,(508.72722580687287-42.47010558780476j)
19475062.5,(508.58015339706077-42.174177484833294j)
19493625.0,(508.694589342207-42.49686284506732j)
19512187.5,(508.20065382360565-41.556483260907314j)
19530750.0,(508.50720608839-41.690438623138846j)
19549312.5,(507.9977598913469-41.25075276225265j)
19567875.0,(507.5380323577802-42.10602330176111j)
19586437.5,(508.30481048959354-41.44210151750396j)
19605000.0,(507.9568851526891-41.17745400405668j)
19623562.5,(506.50623234064614-41.05398215867897j)
19642125.0,(507.18720351962946-40.84804650828591j)
19660687.5,(507.5199682600425-40.788840952277084j)
19679250.0,(507.6247453487841-41.104122133679226j)
19697812.5,(507.6399943253364-40.50464446203453j)
19716375.0,(507.5650826059024-40.444424495018104j)
19734937.5,(506.9479528895887-40.27045018783538j)
19753500.0,(506.4202749847098-39.72882729208682j)
19772062.5,(506.08979391952437-39.504416371820845j)
19790625.0,(506.27388461706494-39.54117199121335j)
19809187.5,(506.21508698014196-39.52515526967514j)
19827750.0,(505.825342983694-39.58237134037116j)
19846312.5,(505.851484619375-39.185858889842045j)
19864875.0,(505.8347684361261-39.56983080577579j)
19883437.5,(506.06989049311943-38.23402089762692j)
19902000.0,(506.2232927587185-39.213379451945j)
19920562.5,(506.3910002657334-38.16252541309707j)
19939125.0,(506.0274790178709-38.915810968871305j)
19957687.5,(505.1646917978052-38.01628359179514j)
19976250.0,(505.7737978514302-37.853187259576686j)
19994812.5,(505.25923458273525-37.869547865498824j)
20013375.0,(505.278686426538-37.58527956934205j)
20031937.5,(504.9899334202125-38.12653146904165j)
20050500.0,(505.31279891996377-37.56466916991021j)
20069062.5,(504.91224287944766-37.278179314005726j)
20087625.0,(505.36876702093787-36.55897180209559j)
20106187.5,(504.39705154140205-36.56697266593699j)
20124750.0,(504.7617406595835-36.556677974967705j)
20143312.5,(503.97878134633936-36.153907226878076j)
20161875.0,(504.58238232941824-36.16110671317302j)
20180437.5,(503.9023682889358-35.97135325992423j)
20199000.0,(503.87259072684094-36.37613455254999j)
20217562.5,(503.32679205050636-36.32981220459014j)
20236125.0,(503.72138290799273-35.768116861298694j)
20254687.5,(503.0795186512303-35.337421566918444j)
20273250.0,(503.1711778659555-35.25309627935625j)
20291812.5,(503.07409542488426-35.256665551221j)
20310375.0,(503.4091236575191-35.2015769678555j)
20328937.5,(503.3886392653466-34.86568532478231j)
20347500.0,(503.1360815221591-34.8172715141783j)
20366062.5,(503.2965180137755-34.66941224784661j)
20384625.0,(502.59088454324814-34.88168019449562j)
20403187.5,(501.9377466235245-34.04462508339749j)
20421750.0,(503.0085168502378-34.039873369737506j)
20440312.5,(502.5034380544971-33.72705560793309j)
20458875.0,(502.99423490544916-33.95156687303786j)
20477437.5,(501.94401508614374-33.7692684446038j)
20496000.0,(502.3606007800443-33.173249362280814j)
20514562.5,(502.33301050826816-33.437472454594484j)
20533125.0,(501.4175303899258-33.34249139099719j)
20551687.5,(502.0737812317412-32.6094819155673j)
20570250.0,(502.13473047868985-32.90661497755525j)
20588812.5,(501.3008533372747-32.37919922618176j)
20607375.0,(501.3028638352689-33.29802095230125j)
20625937.5,(501.1742507753195-32.05722630076491j)
20644500.0,(501.28376346818993-32.50961649809317j)
20663062.5,(501.11365592993707-31.912077538259215j)
20681625.0,(501.6962121482812-31.73219994681642j)
20700187.5,(501.2318302731361-32.25871932662042j)
20718750.0,(501.0543356041586-31.05473558005061j)
20737312.5,(499.90114001175436-31.16420062497484j)
20755875.0,(500.6479842907121-31.10834161507446j)
20774437.5,(500.6287338371747-30.888659177398424j)
20793000.0,(500.2107773380677-31.07756542587037j)
20811562.5,(500.1530637306056-30.568459471731835j)
20830125.0,(501.1931414366257-30.507646666306034j)
20848687.5,(499.89086777697565-30.51490877603562j)
20867250.0,(499.85460709302396-29.724339505799513j)
20885812.5,(499.1333313385466-30.843021468172232j)
20904375.0,(499.3360917510795-30.02658685657042j)
20922937.5,(499.2714875655597-29.684244121487804j)
20941500.0,(499.1796856237368-29.752514729313006j)
20960062.5,(499.2070403234044-28.98833483475831j)
20978625.0,(499.87468401114734-29.520661561956246j)
20997187.5,(499.2569262689882-29.72402253687683j)
21015750.0,(499.54695514787966-29.009372880743857j)
21034312.5,(498.8748643707844-28.96139719807107j)
21052875.0,(499.5050674147312-28.79850531237099j)
21071437.5,(499.1674492554744-28.566248715369458j)
21090000.0,(498.5780477898441-27.815267887976756j)
21108562.5,(498.3664433853022-28.019622099531155j)
21127125.0,(498.5473568696139-27.965126889513304j)
21145687.5,(498.61662416425395-27.22524596860747j)
21164250.0,(498.57203672049155-27.63121187401616j)
21182812.5,(497.38542197582825-27.523077763042604j)
21201375.0,(498.43369311523503-27.202409345896918j)
21219937.5,(497.98247198746304-26.745380491382008j)
21238500.0,(498.02906781727165-26.849879368089635j)
21257062.5,(498.0118729349076-26.614629300809593j)
21275625.0,(498.2077305227767-26.772657642947063j)
21294187.5,(497.8581334348141-26.465584988580293j)
21312750.0,(497.4584972419772-25.80201722578707j)
21331312.5,(497.1208560994968-26.00452486631747j)
21349875.0,(496.9315637387993-26.45321198580238j)
21368437.5,(497.60552760283116-26.15509516334891j)
21387000.0,(497.1230139907963-25.919459390624503j)
21405562.5,(496.8156112561663-25.063407489209855j)
21424125.0,(496.6197509968227-25.53541119749082j)
21442687.5,(496.64766267497083-24.409720067978792j)
21461250.0,(496.94012059926985-25.133921512619803j)
21479812.5,(496.485192410902-24.472127155768945j)
21498375.0,(496.51204979349404-24.752687124435734j)
21516937.5,(495.8461091275247-24.65183203976863j)
21535500.0,(496.3714354749106-24.71954392131328j)
21554062.5,(496.5696463356948-24.276569976394494j)
21572625.0,(496.1265108112283-24.120536092258096j)
21591187.5,(495.41024635535257-24.545403374479847j)
21609750.0,(495.47258418113535-24.37283777625494j)
21628312.5,(495.53087648165126-23.52148023675623j)
21646875.0,(495.54933134562214-23.06466041241538j)
21665437.5,(495.7237415437982-22.813815150305107j)
21684000.0,(495.54574249095424-22.55704831600768j)
21702562.5,(495.65503023433615-23.067251659933188j)
21721125.0,(496.06431822488264-23.10705204288877j)
21739687.5,(495.2682229610208-22.93119648352759j)
21758250.0,(495.19150544493164-23.395693170414035j)
21776812.5,(494.8559336354456-22.029536183166964j)
21795375.0,(494.77461465743085-21.940817517587906j)
21813937.5,(494.91803351893816-21.741827897485084j)
21832500.0,(494.8347707105528-21.9039478978777j)
21851062.5,(494.81475554657425-22.028408496824696j)
21869625.0,(494.6816493796203-21.844257583433503j)
21888187.5,(494.5295685220887-21.4831832002319j)
21906750.0,(494.8539933688694-20.689626459133606j)
21925312.5,(494.48900496896283-20.82368901287601j)
21943875.0,(494.319339349125-20.87355897220099j)
21962437.5,(494.34019241121416-20.484889366707133j)
21981000.0,(493.7409656914406-20.969761482530124j)
21999562.5,(493.6073453103914-20.476573441793754j)
22018125.0,(493.6164625052458-19.98538759100552j)
22036687.5,(493.4207006804805-19.630630004346358j)
22055250.0,(493.558650367244-20.07234559227493j)
22073812.5,(493.41521595534977-20.020769344793727j)
22092375.0,(493.3435807814836-19.075467336795626j)
22110937.5,(494.03987562103543-18.90494843243606j)
22129500.0,(493.1691532021375-19.0365711843006j)
22148062.5,(492.57656106519687-19.33405690023669j)
22166625.0,(493.0280542450617-18.08105152542558j)
22185187.5,(492.8050955567421-18.635002171705455j)
22203750.0,(492.9859732331651-18.06197844323663j)
22222312.5,(493.01309845599155-17.759782213787503j)
22240875.0,(492.6652842892172-18.317326107998184j)
22259437.5,(492.15856797192475-18.34779283739885j)
22278000.0,(493.00577791244336-18.034320555826884j)
22296562.5,(492.3883244606949-17.92376699873399j)
22315125.0,(492.4468950591608-17.66159426362791j)
22333687.5,(492.0894682576509-16.71908852174129j)
22352250.0,(492.36876909573135-17.710559945056833j)
22370812.5,(491.61923698881367-17.12869729668915j)
22389375.0,(491.9574662728262-16.764816452116904j)
22407937.5,(491.4806956290163-17.461925005606133j)
22426500.0,(491.8953440481035-15.742680924554396j)
22445062.5,(491.4343082621861-16.003737612961448j)
22463625.0,(492.091891139715-16.569051153791456j)
22482187.5,(490.60509999930224-15.89811483327544j)
22500750.0,(491.58028436749333-15.563398376189113j)
22519312.5,(492.22205710768077-15.87826365972672j)
22537875.0,(491.6731131725879-16.311961513181245j)
22556437.5,(491.12259715581405-15.254417372441825j)
22575000.0,(490.72537677925544-15.045132787721693j)
22593562.5,(490.5742261029172-14.597959720127767j)
22612125.0,(491.1336634105611-14.386109343234542j)
22630687.5,(491.200743149478-14.260802869127794j)
22649250.0,(490.7886300548403-15.087811451645463j)
22667812.5,(490.75935129207784-14.356860341584767j)
22686375.0,(489.9082179840486-14.380153343952719j)
22704937.5,(490.7774989596519-14.202844900123615j)
22723500.0,(490.70410908110074-13.841101905641093j)
22742062.5,(489.9027012471539-14.294386097489452j)
22760625.0,(490.15517543733154-13.769441419564798j)
22779187.5,(490.0935528555733-13.474809055720277j)
22797750.0,(489.7514337497164-13.159797700545289j)
22816312.5,(489.73110569076624-13.051074267711055j)
22834875.0,(489.8433360692042-12.81603508614313j)
22853437.5,(489.9271754114969-12.219501491300301j)
22872000.0,(489.2093997164156-12.651954754449996j)
22890562.5,(489.46470557426255-12.036683998402637j)
22909125.0,(489.39106694351517-13.006485771531853j)
22927687.5,(489.3319826712165-12.267388608568467j)
22946250.0,(489.3831768604328-12.279202383611048j)
22964812.5,(489.1617350155147-12.092985177391277j)
22983375.0,(489.11073162526884-11.643256944018388j)
23001937.5,(488.4515861979742-11.161751306325353j)
23020500.0,(489.01747480997864-10.393315121473849j)
23039062.5,(488.62441058603287-10.884351990654633j)
23057625.0,(488.6136687688835-10.6376200194593j)
23076187.5,(489.22459021800273-10.658926888965642j)
23094750.0,(488.43648628610106-10.843114993413092j)
23113312.5,(488.108884533491-10.114779613634228j)
23131875.0,(488.9544307439054-10.684708925027312j)
23150437.5,(487.6861238752107-10.315693206127381j)
23169000.0,(487.99994180569405-9.744354009424537j)
23187562.5,(488.4622308555264-9.805818279900313j)
23206125.0,(487.9246921375358-9.853521686080404j)
23224687.5,(487.9537659677714-9.587760931906974j)
23243250.0,(487.8033336396634-8.844260179417928j)
23261812.5,(487.6735813520681-9.15799400549319j)
23280375.0,(488.2376840784682-9.646423909752501j)
23298937.5,(486.7287453084252-8.241360748848212j)
23317500.0,(488.0300406181819-8.730346049921375j)
23336062.5,(486.8464902053259-8.169344113270917j)
23354625.0,(487.4391642039054-8.650581982843857j)
23373187.5,(487.7911115172741-7.938382496442395j)
23391750.0,(487.5272928355632-7.85378683429924j)
23410312.5,(487.25461012305004-7.625126292134599j)
23428875.0,(487.4025481571084-7.464019883412582j)
23447437.5,(487.3793476868486-7.096031898118661j)
23466000.0,(486.5983323221234-7.283037610530541j)
23484562.5,(486.49689893318447-7.099721302858237j)
23503125.0,(487.0437857609385-7.594163000819906j)
23521687.5,(486.33505907217113-6.3026977502053025j)
23540250.0,(486.75855214901424-6.2288202996579844j)
23558812.5,(485.36664356058714-6.362114915606127j)
23577375.0,(486.2041599779487-6.221718992592235j)
23595937.5,(486.31412947743615-6.502334307300069j)
23614500.0,(486.31515032538374-5.782555595493736j)
23633062.5,(486.7243348318918-5.558633248670385j)
23651625.0,(486.0365120533335-5.947220877277274j)
23670187.5,(486.40482519564034-5.619734227313227j)
23688750.0,(485.81523711957453-5.426464957428245j)
23707312.5,(485.5252281186907-4.4792628705291095j)
23725875.0,(486.1335756345454-4.456471229244721j)
23744437.5,(485.6183434957335-4.240949768903785j)
23763000.0,(485.40895827223534-5.0361066930171j)
23781562.5,(484.81646269549594-4.8540845325894555j)
23800125.0,(485.939897604098-3.570760964462942j)
23818687.5,(485.29818154408196-4.326458583162231j)
23837250.0,(485.704029084818-3.7282692685721726j)
23855812.5,(484.8464219944552-3.940930889492332j)
23874375.0,(485.395296296527-4.336297495067887j)
23892937.5,(484.74271529935004-3.6834185313742154j)
23911500.0,(485.60405643057084-3.227832452168786j)
23930062.5,(484.503682352253-3.4487928905069656j)
23948625.0,(485.42916528903083-2.747996261230664j)
23967187.5,(484.74346115226524-3.041869897108964j)
23985750.0,(484.7938369483809-2.934861505086713j)
24004312.5,(484.7500149469736-1.7161736324692602j)
24022875.0,(484.6679679578088-2.6936027674736174j)
24041437.5,(484.6308774661287-2.7890467675839017j)
24060000.0,(484.2739040362158-1.8436398777008627j)
24078562.5,(484.3870105995649-2.2941906663954215j)
24097125.0,(484.4299459337046-1.440969739764225j)
24115687.5,(483.5061716064104-1.2872938680335624j)
24134250.0,(483.91984428015354-1.5676491447297138j)
24152812.5,(484.5364636752475-1.5687068770561425j)
24171375.0,(483.7132480552368-1.0052715826554566j)
24189937.5,(483.7050797012783-0.659382800462655j)
24208500.0,(484.24236307041355-0.8285401979236711j)
24227062.5,(483.0623728455883-0.7699622484393552j)
24245625.0,(484.0308147477767-0.25056343425321254j)
24264187.5,(484.18877020745714+0.34215201963476344j)
24282750.0,(483.23463118333865-0.2540427152944075j)
24301312.5,(483.5205197773741+0.12165063458258776j)
24319875.0,(484.0390715025381+0.15830509900234999j)
24338437.5,(483.03222974439666+0.7378601252243434j)
24357000.0,(482.96526950601174+0.5457735283198927j)
24375562.5,(481.9930173756501+0.229119015487738j)
24394125.0,(483.1001267274543+1.429878689472411j)
24412687.5,(482.41952531348926+1.8137609144137337j)
24431250.0,(482.75361541674005+1.2915403204499678j)
24449812.5,(482.45988928905876+1.777309331669682j)
24468375.0,(482.79673612706097+1.5420831792336327j)
24486937.5,(482.56211961787284+1.8541586206349776j)
24505500.0,(482.83138588828365+1.9441004348666668j)
24524062.5,(481.93126326079897+2.129204742589375j)
24542625.0,(482.9822470201237+3.397288832837979j)
24561187.5,(482.2656108041327+2.836289844329402j)
24579750.0,(482.3243757713872+2.524779835556262j)
24598312.5,(482.81663309318725+2.7258017190061885j)
24616875.0,(482.06723312821526+2.8987433173188104j)
24635437.5,(483.0340826014946+3.1019830280987604j)
24654000.0,(481.796289130898+2.923515843206555j)
24672562.5,(482.0084051855419+3.5926930671456003j)
24691125.0,(482.21050679361394+3.9548740141943766j)
24709687.5,(481.86619491776605+3.2716530552747836j)
24728250.0,(481.5031243877596+3.1524184428873543j)
24746812.5,(481.2282466777187+4.286305793129909j)
24765375.0,(481.9278620923685+4.268358355995921j)
24783937.5,(481.1066387584217+4.7988363361089625j)
24802500.0,(482.2019266130555+5.150002169945078j)
24821062.5,(481.4042284589352+4.715820468322842j)
24839625.0,(481.37087711812956+4.355495834562364j)
24858187.5,(480.6489793027609+5.06135654039826j)
24876750.0,(481.7508651972777+4.85424130756517j)
24895312.5,(480.91487708188805+5.50039233240908j)
24913875.0,(481.5569198062136+5.74421234713354j)
24932437.5,(481.15819869590763+4.906709031338421j)
24951000.0,(481.40579443371837+5.9323594318750885j)
24969562.5,(480.47261384972916+5.778764068265277j)
24988125.0,(480.91594158019524+6.643186665850367j)
25006687.5,(480.842257820026+5.526927134708861j)
25025250.0,(480.4870459346304+6.494809251161895j)
25043812.5,(480.71643407328395+7.174635331943379j)
25062375.0,(480.3554692147766+6.970258852671542j)
25080937.5,(480.20867963306085+7.334340988021736j)
25099500.0,(481.0257417541077+7.044685693243712j)
25118062.5,(480.12448725683635+7.935917073882653j)
25136625.0,(480.1364340690894+7.359730892907048j)
25155187.5,(480.3136220050005+7.4448418760189945j)
25173750.0,(480.10573262156595+7.409427193152771j)
25192312.5,(480.3786176157357+7.306562764296002j)
25210875.0,(480.26468253914965+8.11012831936408j)
25229437.5,(479.0226870141624+8.060472694486341j)
25248000.0,(480.05064338645457+8.195581782009013j)
25266562.5,(479.5355933977224+8.529945204872712j)
25285125.0,(479.5891690416015+8.758618907512467j)
25303687.5,(478.81457668453567+9.281726360492208j)
25322250.0,(479.46762667684897+9.162124720728567j)
25340812.5,(479.2858572958241+9.482773421774807j)
25359375.0,(479.3931981126663+9.811410266354171j)
25377937.5,(479.09845438881405+9.305314270170761j)
25396500.0,(479.5465859285844+9.725758394507336j)
25415062.5,(479.65337802968816+9.6010310836749j)
25433625.0,(478.925624865664+10.375645780411544j)
25452187.5,(479.3358494283986+10.078638767798413j)
25470750.0,(478.41134222254425+10.647743872977115j)
25489312.5,(479.15948699245615+11.007772803313646j)
25507875.0,(479.20888264371723+10.11977121625564j)
25526437.5,(478.02457494324295+10.297320004228228j)
25545000.0,(478.8494960388459+11.492094415606799j)
25563562.5,(478.3548421631459+11.40916118541081j)
25582125.0,(478.84899419766174+11.052760227521908j)
25600687.5,(478.271556597915+11.405864563571994j)
25619250.0,(478.3022627128722+11.125205285137262j)
25637812.5,(478.30018413078204+12.688580483272542j)
25656375.0,(478.73326810089105+12.37676721171133j)
25674937.5,(478.4017595987869+12.276150280231388j)
25693500.0,(477.94159473855535+12.985260356674448j)
25712062.5,(477.6254530080894+11.822145142775442j)
25730625.0,(478.54801350874703+12.373544590784835j)
25749187.5,(478.3646731732059+13.165113174263178j)
25767750.0,(477.78004236186996+12.967482653812056j)
25786312.5,(478.12943283736064+13.742854852306806j)
25804875.0,(477.86964685530046+13.012168556324355j)
25823437.5,(477.45449360794225+13.405293785974035j)
25842000.0,(477.26695336552814+14.029462468636304j)
25860562.5,(476.6203003133688+13.884654042808775j)
25879125.0,(477.33194092801966+13.599282693410498j)
25897687.5,(477.05258350555465+14.296086892259652j)
25916250.0,(477.91117739061747+14.591453928810546j)
25934812.5,(477.17735875133+14.260767771210078j)
25953375.0,(477.65882441063997+14.541364300639927j)
25971937.5,(476.66572629104013+14.606032066773828j)
25990500.0,(477.5119809889909+14.511210393782402j)
26009062.5,(477.090592143907+14.694443732398769j)
26027625.0,(477.3782732186987+16.111409329148877j)
26046187.5,(477.45660567838075+15.477201741546972j)
26064750.0,(476.3034579901298+15.586929456024743j)
26083312.5,(476.9695107506206+16.208369839790173j)
26101875.0,(477.35829993892895+16.183790915577156j)
26120437.5,(476.77816788546346+16.221604618613775j)
26139000.0,(476.37442950870974+16.303224286436443j)
26157562.5,(476.35321447684487+16.346587907253394j)
26176125.0,(476.696111073179+15.876712026572347j)
26194687.5,(475.8005042868718+16.83865526007131j)
26213250.0,(476.2523095955345+17.056658850110217j)
26231812.5,(476.1005832283449+17.301050080802625j)
26250375.0,(476.3591915898823+17.18417744921195j)
26268937.5,(475.9502386417895+17.26533941731358j)
26287500.0,(476.2170402682975+17.457132919117726j)
26306062.5,(475.59119865146863+18.15015093796108j)
26324625.0,(476.3265458065522+18.168535911425398j)
26343187.5,(476.00505086076066+18.85698314154955j)
26361750.0,(476.1138624533799+18.74845753615032j)
26380312.5,(475.75005950070107+18.953213857943236j)
26398875.0,(475.2842083666898+18.722275178209188j)
26417437.5,(475.85600255146664+19.11608543678612j)
26436000.0,(475.5666786519575+18.579600002061127j)
26454562.5,(475.5878525304023+19.773196413269314j)
26473125.0,(475.8958620635188+19.73257887310306j)
26491687.5,(475.03065909150905+19.14209434225234j)
26510250.0,(474.8799227905299+20.097422652713536j)
26528812.5,(475.24139928021725+20.084149837784903j)
26547375.0,(475.595958225881+19.421085764034842j)
26565937.5,(474.76015552358814+20.191820920178145j)
26584500.0,(475.2766587388477+21.00343127202707j)
26603062.5,(474.82844758629733+19.75034685887516j)
26621625.0,(474.96262165585165+20.336688461001327j)
26640187.5,(474.65362169167946+21.092478236216913j)
26658750.0,(475.07604505198645+20.448907415114945j)
26677312.5,(474.703274554757+21.003680129351682j)
26695875.0,(474.4722608042797+20.949002674513725j)
26714437.5,(474.7795283849141+21.238772699374813j)
26733000.0,(474.8252451435253+21.467806834161543j)
26751562.5,(474.8656736062043+21.604778525767742j)
26770125.0,(474.01465986727027+21.905072232676524j)
26788687.5,(474.4161792376262+21.802402741157387j)
26807250.0,(473.8233628674821+22.04448723662694j)
26825812.5,(474.39794707595996+22.339730484119407j)
26844375.0,(474.97823703286923+22.914157221274273j)
26862937.5,(474.3290695330172+22.36592674579941j)
26881500.0,(474.47959942536227+22.597965517408554j)
26900062.5,(474.1611016200196+22.976633707310167j)
26918625.0,(474.3266859364179+23.079593391276013j)
26937187.5,(473.592483908354+22.77729192473963j)
26955750.0,(473.95789504662724+23.97406697487375j)
26974312.5,(473.9528717169882+23.353543420588327j)
26992875.0,(473.43431657847253+23.654129892787086j)
27011437.5,(473.04169406126397+24.138783830070494j)
27030000.0,(474.29204189153506+23.881856681749188j)
27048562.5,(473.2671339503837+24.63572704395244j)
27067125.0,(474.3501332356776+24.234601651453232j)
27085687.5,(472.95441599381326+24.91139969565445j)
27104250.0,(473.6626344448716+24.91291355583499j)
27122812.5,(473.42374314947773+25.36339045807261j)
27141375.0,(473.08966018721236+25.138898322994514j)
27159937.5,(473.02822311122026+25.30316262519315j)
27178500.0,(473.31463186208714+25.752706162329385j)
27197062.5,(473.2329899119324+26.411204267035927j)
27215625.0,(473.2877205484248+25.409085404257574j)
27234187.5,(472.9866043348122+26.09166166884397j)
27252750.0,(473.36967375525035+26.051361531223385j)
27271312.5,(472.64177819235135+26.90519541783419j)
27289875.0,(473.6129299329527+26.587793898318694j)
27308437.5,(472.92337588805293+25.90042143947304j)
27327000.0,(473.38106830876893+26.43662003696934j)
27345562.5,(472.66017691969273+26.776632170241665j)
27364125.0,(472.5975763918714+27.24944937067289j)
27382687.5,(472.4512302380998+27.53127494924102j)
27401250.0,(472.10914508602923+27.568898434901776j)
27419812.5,(472.53215838899075+27.169817417938262j)
27438375.0,(472.3069544408833+27.782806468311307j)
27456937.5,(472.02887547939247+28.077178841482056j)
27475500.0,(472.5485881252759+28.101210237803986j)
27494062.5,(472.1920572011017+28.418751025135048j)
27512625.0,(472.86879560156547+28.21473367887941j)
27531187.5,(471.92038015859384+29.439227517455627j)
27549750.0,(472.21520416712514+28.887793892895136j)
27568312.5,(471.89185292053355+29.26940330427949j)
27586875.0,(472.40140167789974+28.724667823436683j)
27605437.5,(472.21587149359874+28.85614236336622j)
27624000.0,(472.3912636288395+29.051354059109958j)
27642562.5,(472.0923168113149+29.60074752829962j)
27661125.0,(471.34088177517526+29.100555348436675j)
27679687.5,(471.8620712131732+29.283155510814716j)
27698250.0,(471.78145968483796+29.46299427923188j)
27716812.5,(471.5561979601255+29.58677575766619j)
27735375.0,(471.9026421378598+30.755169178000365j)
27753937.5,(471.24243963488306+30.70826809918978j)
27772500.0,(471.4736019620705+31.31271402323812j)
27791062.5,(471.4010111091799+30.7014230332211j)
27809625.0,(471.3233901022419+31.244135776378496j)
27828187.5,(471.30491109223334+31.298511085642573j)
27846750.0,(472.23762179008986+31.11723134336654j)
27865312.5,(471.50919466311245+30.513708044215j)
27883875.0,(471.70078579145144+31.417157509963108j)
27902437.5,(471.02561693136295+31.876664601976096j)
27921000.0,(471.251897957348+32.1674728586368j)
27939562.5,(470.97124563583543+32.27951861982396j)
27958125.0,(471.6474597897588+32.22251736373786j)
27976687.5,(470.8347511472639+33.14374039054641j)
27995250.0,(470.46285792594387+33.04852846523564j)
28013812.5,(471.4372958245197+31.98991842594859j)
28032375.0,(470.79784357184445+32.846497136697764j)
28050937.5,(471.2843216665357+33.880891539399116j)
28069500.0,(470.0014420742463+33.890082945915495j)
28088062.5,(470.54008480561345+33.2016114252647j)
28106625.0,(470.89400954566327+34.09302531419986j)
28125187.5,(470.1012872173573+33.78919237103722j)
28143750.0,(470.7011382141416+33.85709349638221j)
28162312.5,(470.54994104974423+34.18558490438264j)
28180875.0,(470.614222899278+34.790839006033096j)
28199437.5,(471.10087217181115+34.258293806892105j)
28218000.0,(470.2532367789018+35.181160791180005j)
28236562.5,(469.73596296627125+34.90776735648357j)
28255125.0,(470.05855425252474+35.040175752872756j)
28273687.5,(470.53234188186104+34.011610530682965j)
28292250.0,(470.45102782444695+35.123651863512876j)
28310812.5,(470.35528234107545+34.90029689361327j)
28329375.0,(470.65687894444284+35.86242817134165j)
28347937.5,(469.583614210789+35.55778849168353j)
28366500.0,(470.28083320961235+35.687810403542045j)
28385062.5,(468.7880392118174+35.866526823774166j)
28403625.0,(470.2315536857001+35.802749996103366j)
28422187.5,(469.1767388336976+36.8020937208626j)
28440750.0,(469.56805181989114+36.27559109798092j)
28459312.5,(469.701947492629+36.55647502997953j)
28477875.0,(470.12200049202215+36.84687438845041j)
28496437.5,(469.1601601619571+37.46355631529847j)
28515000.0,(469.60555552654824+36.99323000600679j)
28533562.5,(469.3790686479646+37.429939648271656j)
28552125.0,(469.67918794916284+38.33687425870835j)
28570687.5,(469.56332740124395+38.17927891137716j)
28589250.0,(469.5891283344842+38.10610317745032j)
28607812.5,(469.3887062050478+37.663981265978485j)
28626375.0,(469.50076646810567+37.551772854089606j)
28644937.5,(469.0009578859278+38.47892095327449j)
28663500.0,(469.13061872162325+38.54655145390672j)
28682062.5,(469.4252736227079+38.23438875718533j)
28700625.0,(469.2076770395845+38.116977280694385j)
28719187.5,(469.22791614727436+39.1485851677246j)
28737750.0,(468.868956878488+39.01643221395153j)
28756312.5,(469.2844475108785+39.607828097386786j)
28774875.0,(468.9636116552879+39.52635964146709j)
28793437.5,(468.5373260870813+38.693885945873404j)
28812000.0,(469.04752513650914+39.85100516978211j)
28830562.5,(468.7937910139386+39.5671572276582j)
28849125.0,(468.68202642246126+39.85365012909885j)
28867687.5,(468.17339724486703+40.11067897717126j)
28886250.0,(468.42058701711693+40.467259565070265j)
28904812.5,(468.3653140391668+39.76178279640437j)
28923375.0,(468.86709936123634+40.108882322425536j)
28941937.5,(468.21160349785083+41.015237639444564j)
28960500.0,(468.3145181121734+41.73917417230185j)
28979062.5,(467.9977210589454+41.84626428764355j)
28997625.0,(468.93368423148394+41.74386750781411j)
29016187.5,(468.15734191988514+40.808096288449285j)
29034750.0,(468.3645676950522+41.4024055364349j)
29053312.5,(468.5367744196548+41.681981086427655j)
29071875.0,(468.40974697187124+42.26645590170182j)
29090437.5,(468.3157469701841+42.21119286355549j)
29109000.0,(467.91975093512747+42.934207236010266j)
29127562.5,(468.01053887450104+42.85831777939718j)
29146125.0,(468.3526529338107+43.246812658554866j)
29164687.5,(468.0875906463689+43.03845336136929j)
29183250.0,(468.05293461470103+43.749242283009465j)
29201812.5,(467.47179190863335+43.719570128410815j)
29220375.0,(467.9352152938544+42.884725914225434j)
29238937.5,(467.45803018015124+43.11903776423179j)
29257500.0,(467.472398459334+43.64518616964883j)
29276062.5,(466.3099510600381+43.55018462184756j)
29294625.0,(466.9980871171852+45.011050843585934j)
29313187.5,(467.1777466333175+44.8918212961387j)
29331750.0,(467.92083443057214+44.05504084523451j)
29350312.5,(467.0087209155333+44.58835854990644j)
29368875.0,(467.15432825274746+45.0788878395404j)
29387437.5,(466.9523031892876+44.806001446129855j)
29406000.0,(468.3918578671678+45.59346135416679j)
29424562.5,(466.43070518331035+45.160457485578675j)
29443125.0,(466.75375731004993+45.68685155936807j)
29461687.5,(467.13459246280576+45.34261623458027j)
29480250.0,(467.07291759014817+45.49609871874708j)
29498812.5,(467.04053792713705+45.34666774738071j)
29517375.0,(467.0770913003086+46.48208561902027j)
29535937.5,(466.68672434838135+46.44871555448212j)
29554500.0,(467.2831587675386+46.28774257238j)
29573062.5,(467.04260369258526+46.778519383664694j)
29591625.0,(466.2644025054134+46.78675943330325j)
29610187.5,(465.86553120306144+46.593158207534074j)
29628750.0,(466.69621378306203+47.164051271497016j)
29647312.5,(466.7131072636478+47.766941910512294j)
29665875.0,(466.99066299240883+47.43200898160425j)
29684437.5,(466.57567101515417+47.74114074942008j)
29703000.0,(466.90915592969515+48.532122518986576j)
29721562.5,(465.97972537207494+48.20685051088528j)
29740125.0,(467.0512419745043+47.79642073998418j)
29758687.5,(465.7915452551012+48.23010483568735j)
29777250.0,(466.4912606188784+48.47111972599506j)
29795812.5,(466.4677178540855+47.80205791594399j)
29814375.0,(466.1063421508045+49.08565672515399j)
29832937.5,(465.644900564552+48.733381950348374j)
29851500.0,(466.9687869476389+48.92543736070466j)
29870062.5,(466.228696610709+49.775268235029j)
29888625.0,(466.02454092973574+48.925010145715966j)
29907187.5,(465.8415924296372+49.75646540082583j)
29925750.0,(466.85326441964384+49.58458136496043j)
29944312.5,(465.8504302969063+49.14814173592046j)
29962875.0,(466.05116252203+49.661520305669264j)
29981437.5,(466.0842480625138+50.186203058575174j)
30000000.0,(467.1542181417322+50.60072540121659j)
